{"cameraMode":{"drawMode":0,"name":"Shaded","section":"Shading Mode"},"sceneLighting":true,"audioPlay":false,"sceneViewState":{"showFog":true,"showMaterialUpdate":false,"showSkybox":true,"showFlares":true,"showImageEffects":true,"showParticleSystems":true},"in2DMode":false,"pivot":{"x":-672.5833740234375,"y":1.1674118041992188,"z":4.456918716430664},"rotation":{"x":0.24955102801322938,"y":0.026137465611100198,"z":-0.006739080883562565,"w":0.9679890871047974},"size":349.7136535644531,"orthographic":false}