{"cameraMode":{"drawMode":0,"name":"Shaded","section":"Shading Mode"},"sceneLighting":false,"audioPlay":false,"sceneViewState":{"showFog":true,"showMaterialUpdate":false,"showSkybox":true,"showFlares":true,"showImageEffects":true,"showParticleSystems":true},"in2DMode":false,"pivot":{"x":0.000001430511474609375,"y":0.0,"z":-1.4901161193847657e-8},"rotation":{"x":0.24955102801322938,"y":0.026137465611100198,"z":-0.006739080883562565,"w":0.9679890871047974},"size":11.490927696228028,"orthographic":false}